"round","slice","frame","object_ref","cell","what","why","severity","owner","rule_id","evidence","action","rules_version","note"
"calib","C0","adasind_019560.jpg","L2+R3","na","WRONG_CLASS","","","","","","","",""
"calib","C0","adasind_019560.jpg","L3+R5","na","WRONG_CLASS","","","","","","","",""
"calib","C0","adasind_019560.jpg","L5","na","SPURIOUS","","","","","","","",""
"calib","C0","adasind_019560.jpg","L7","na","SPURIOUS","","","","","","","",""
"calib","C0","adasind_019560.jpg","R6","na","MISSING","","","","","","","",""
"r2_qa","B3-center","adasind_167700.jpg","L6","L_only","BOX_GEOMETRY","","P1","annotator","R03","submission/r2_qa/qa_overlay.html; assets/images/adasind_167700.jpg","rework","v1.0.0","QA mù, mã khóa D96E-623D: L6 Bike (x=757.8,y=707.3,w=322.2,h=695.4) gộp người ở mép phải đang đi bộ dắt xe đạp với xe. Tách một box Pedestrian và một box Bike theo phần nhìn thấy; chưa sửa bản đã khóa."
"r2_qa","B3-center","adasind_167700.jpg","L7","L_only","BOX_GEOMETRY","","P1","annotator","R03","submission/r2_qa/qa_overlay.html; assets/images/adasind_167700.jpg","rework","v1.0.0","L7 Bike (x=352.2,y=878.2,w=257.4,h=330) gộp người áo sọc đang đi bộ cạnh xe đạp chở hàng. Người không ngồi trên yên; tách Pedestrian và Bike theo R03, không áp dụng quy tắc gộp rider."
"r2_qa","B3-center","adasind_167700.jpg","L5","L_only","WRONG_CLASS","","P1","annotator","R03","submission/r2_qa/qa_overlay.html; assets/images/adasind_167700.jpg","rework","v1.0.0","L5 ThreeWheeler (x=205.9,y=926,w=63.6,h=163.9) nằm trên người áo xanh nhạt và xe đạp bên trái người áo sọc. Không thấy phương tiện ba bánh tương ứng. Soát và tách người dắt xe thành Pedestrian cùng Bike thay cho nhãn ThreeWheeler."
"r2_qa","B3-center","adasind_212280.jpg","L3","L_only","WRONG_CLASS","","P1","qa","R04","submission/r2_qa/qa_overlay.html; assets/images/adasind_212280.jpg","escalate","v1.0.0","Ca nghi sai class cần phân xử: L3 Car (x=0,y=761.2,w=135.7,h=338.7) bao xe chở khách lớn cắt mép trái, có dãy cửa sổ bên hông. Cần xác nhận minibus (Bus) hay van chở người (Car) theo R04; chưa kết luận đổi nhãn chỉ từ phần đuôi xe. Chưa gửi ticket hoặc nhận phản hồi."
r1_craft,B2-center,adasind_062370.jpg,L1+R1,na,ATTRIBUTE,,,,,,,,
r1_craft,B2-center,adasind_062370.jpg,R5,na,MISSING,,,,,,,,
r1_craft,B2-center,adasind_062370.jpg,R8,na,MISSING,,,,,,,,
r1_craft,B2-center,adasind_086220.jpg,L2+R1,na,ATTRIBUTE,,,,,,,,
r1_craft,B2-center,adasind_086220.jpg,L5,na,SPURIOUS,,,,,,,,
r1_craft,B2-center,adasind_086220.jpg,L6,na,SPURIOUS,,,,,,,,
r1_craft,B2-center,adasind_117120.jpg,L3,na,SPURIOUS,,,,,,,,
r3_diag,B2-center,adasind_062370.jpg,L5+R6,LR_noM,MISSING,,,,,,,,
r3_diag,B2-center,adasind_062370.jpg,L6+R7,LR_noM,MISSING,,,,,,,,
r3_diag,B2-center,adasind_062370.jpg,L1+R1,LR_noM,MISSING,,,,,,,,
r3_diag,B2-center,adasind_062370.jpg,R5,R_only,MISSING,,,,,,,,
r3_diag,B2-center,adasind_062370.jpg,R8,R_only,MISSING,,,,,,,,
r3_diag,B2-center,adasind_062370.jpg,M3,M_only,SPURIOUS,,,,,,,,
r3_diag,B2-center,adasind_062370.jpg,M4,M_only,SPURIOUS,,,,,,,,
r3_diag,B2-center,adasind_062370.jpg,M5,M_only,SPURIOUS,,,,,,,,
r3_diag,B2-center,adasind_062370.jpg,M8,M_only,SPURIOUS,,,,,,,,
r3_diag,B2-center,adasind_062370.jpg,M10,M_only,SPURIOUS,,,,,,,,
r3_diag,B2-center,adasind_086220.jpg,L2+R1,LR_noM,MISSING,,,,,,,,
r3_diag,B2-center,adasind_086220.jpg,L4+R4,LR_noM,MISSING,,,,,,,,
r3_diag,B2-center,adasind_086220.jpg,L3+R5,LR_noM,MISSING,,,,,,,,
r3_diag,B2-center,adasind_086220.jpg,L5+M8,LM_noR,SPURIOUS,,,,,,,,
r3_diag,B2-center,adasind_086220.jpg,L6,L_only,SPURIOUS,,,,,,,,
r3_diag,B2-center,adasind_086220.jpg,M2,M_only,SPURIOUS,,,,,,,,
r3_diag,B2-center,adasind_086220.jpg,M3,M_only,SPURIOUS,,,,,,,,
r3_diag,B2-center,adasind_086220.jpg,M5,M_only,SPURIOUS,,,,,,,,
r3_diag,B2-center,adasind_086220.jpg,M6,M_only,SPURIOUS,,,,,,,,
r3_diag,B2-center,adasind_086220.jpg,M7,M_only,SPURIOUS,,,,,,,,
r3_diag,B2-center,adasind_117120.jpg,L7+R2,LR_noM,MISSING,,,,,,,,
r3_diag,B2-center,adasind_117120.jpg,L5+R4,LR_noM,MISSING,,,,,,,,
r3_diag,B2-center,adasind_117120.jpg,L3,L_only,SPURIOUS,,,,,,,,
r3_diag,B2-center,adasind_117120.jpg,M1,M_only,SPURIOUS,,,,,,,,
r3_diag,B2-center,adasind_117120.jpg,M6,M_only,SPURIOUS,,,,,,,,
r3_diag,B2-center,adasind_117120.jpg,M7,M_only,SPURIOUS,,,,,,,,
r3_diag,B2-center,adasind_117120.jpg,M8,M_only,SPURIOUS,,,,,,,,
r3_diag,B2-center,adasind_117120.jpg,M10,M_only,SPURIOUS,,,,,,,,
